{
  "11": {
    "category":"record",
    "sounds": [
     {
     "name":"11",
     "stream": true
     }
    ]
  },
  "13": {
    "category":"record",
    "sounds": [
     {
     "name":"13",
     "stream": true
     }
    ]
  },
  "blocks": {
    "category":"record",
    "sounds": [
     {
     "name":"blocks",
     "stream": true
     }
    ]
  },
  "cat": {
    "category":"record",
    "sounds": [
     {
     "name":"cat",
     "stream": true
     }
    ]
  },
  "chirp": {
    "category":"record",
    "sounds": [
     {
     "name":"chirp",
     "stream": true
     }
    ]
  },
  "far": {
    "category":"record",
    "sounds": [
     {
     "name":"far",
     "stream": true
     }
    ]
  },
  "mall": {
    "category":"record",
    "sounds": [
     {
     "name":"mall",
     "stream": true
     }
    ]
  },
  "mellohi": {
    "category":"record",
    "sounds": [
     {
     "name":"mellohi",
     "stream": true
     }
    ]
  },
  "stal": {
    "category":"record",
    "sounds": [
     {
     "name":"stal",
     "stream": true
     }
    ]
  },
  "strad": {
    "category":"record",
    "sounds": [
     {
     "name":"strad",
     "stream": true
     }
    ]
  },
  "wait": {
    "category":"record",
    "sounds": [
     {
     "name":"wait",
     "stream": true
     }
    ]
  },
  "ward": {
    "category":"record",
    "sounds": [
     {
     "name":"ward",
     "stream": true
     }
    ]
  }
}